word,freq
안드로이드,1
공차,2
스타트업,2
보라,2
노랑,4
서울,5
인스타그램,1
청하,1
개발자,1
디자이너,5
사진,1
여행,1
컴퓨터,1
통계,2
배달의민족,1
카트,1
와디즈,1
구조,1
주연,2
테넷,2
주토피아,2
유현우,10
자바,6
MSFS,8
수강신청,1
에브리타임,2
까치,1
화공과,16
아디다스,3
나이키,1
코로나,2
우주하마,1
박신영,1
특별함,7
소프트웨어,1
초밥,5
달,1
월급,1
알림서랍,14
에어팟,1
사랑,1
